{"train_loss": 0.6807857751846313, "learning_rate": 8.077544426494346e-08, "step": 99, "_timestamp": 1766808866.4651642, "_runtime": 82.14033722877502, "_step": 0, "_wandb": {"runtime": 142}}