{"train_loss": 0.5037280917167664, "learning_rate": 6.462035541195477e-07, "step": 399, "_timestamp": 1766810077.3104475, "_runtime": 320.8791575431824, "_step": 3, "_wandb": {"runtime": 333}}