{"train_loss": 0.19257871806621552, "learning_rate": 9.693053311793217e-07, "step": 1199, "_timestamp": 1766678487.6517422, "_runtime": 905.0790901184082, "_step": 11, "_wandb": {"runtime": 930}}