{"train_loss": 0.46942585706710815, "learning_rate": 1.4539579967689825e-06, "step": 899, "_timestamp": 1766809644.278385, "_runtime": 687.2511579990387, "_step": 8, "_wandb": {"runtime": 682}}