{"train_loss": 0.5858880877494812, "learning_rate": 6.462035541195477e-07, "step": 799, "_timestamp": 1766808479.7389417, "_runtime": 639.9743616580963, "_step": 7, "_wandb": {"runtime": 649}}