{"train_loss": 0.6669028997421265, "learning_rate": 2.423263327948304e-07, "step": 299, "_timestamp": 1766676867.7430286, "_runtime": 269.68409872055054, "_step": 2, "_wandb": {"runtime": 332}}